ada996,::1,GET,http://localhost:8888/rv-bolt/async/dashboardnews,1391711161,c80560
e33c99,::1,GET,http://localhost:8888/rv-bolt/async/showstack?items=7&options=full,1391711161,c80560
eb02bd,::1,GET,http://localhost:8888/rv-bolt/async/latestactivity,1391711161,c80560
c80560,::1,GET,http://localhost:8888/rv-bolt/bolt/,1391711161,
123aba,::1,GET,http://localhost:8888/rv-bolt/async/latestactivity,1391711182,
7bf64a,::1,GET,http://localhost:8888/rv-bolt/async/latestactivity,1391711212,
0addf5,::1,GET,http://localhost:8888/rv-bolt/async/latestactivity,1391711242,
616a64,::1,GET,http://localhost:8888/rv-bolt/async/dashboardnews,1391711244,1a3328
f61586,::1,GET,http://localhost:8888/rv-bolt/async/showstack?items=7&options=full,1391711244,1a3328
d2bf44,::1,GET,http://localhost:8888/rv-bolt/async/latestactivity,1391711244,1a3328
1a3328,::1,GET,http://localhost:8888/rv-bolt/bolt/,1391711244,
93883e,::1,GET,http://localhost:8888/rv-bolt/async/dashboardnews,1391711247,1d3dd8
bdbf5a,::1,GET,http://localhost:8888/rv-bolt/async/showstack?items=7&options=full,1391711247,1d3dd8
a6f2e1,::1,GET,http://localhost:8888/rv-bolt/async/latestactivity,1391711247,1d3dd8
1d3dd8,::1,GET,http://localhost:8888/rv-bolt/bolt/,1391711248,
ec167a,::1,GET,http://localhost:8888/rv-bolt/async/lastmodified/kitchensinks,1391711254,3a435e
6d41b2,::1,GET,http://localhost:8888/rv-bolt/async/showstack?items=5&options=full,1391711254,3a435e
3a435e,::1,GET,http://localhost:8888/rv-bolt/bolt/overview/kitchensinks,1391711254,
e00cc4,::1,GET,http://localhost:8888/rv-bolt/async/latestactivity,1391711258,03ebb6
03ebb6,::1,GET,http://localhost:8888/rv-bolt/bolt/users,1391711258,
9657a7,::1,GET,http://localhost:8888/rv-bolt/bolt/file/edit/app/config/config.yml,1391711268,
cde28d,::1,GET,http://localhost:8888/rv-bolt/,1391711286,
4b7911,::1,GET,http://localhost:8888/rv-bolt/async/lastmodified/entries,1391711303,dc3d34
3595b9,::1,GET,http://localhost:8888/rv-bolt/async/showstack?items=5&options=full,1391711303,dc3d34
dc3d34,::1,GET,http://localhost:8888/rv-bolt/bolt/overview/entries,1391711303,
67c8a7,::1,GET,http://localhost:8888/rv-bolt/async/dashboardnews,1391711308,0b1f15
4f71bb,::1,GET,http://localhost:8888/rv-bolt/async/showstack?items=7&options=full,1391711308,0b1f15
2b90e3,::1,GET,http://localhost:8888/rv-bolt/async/latestactivity,1391711308,0b1f15
0b1f15,::1,GET,http://localhost:8888/rv-bolt/bolt/,1391711308,
335489,::1,GET,http://localhost:8888/rv-bolt/async/latestactivity,1391711329,
3bb762,::1,GET,http://localhost:8888/rv-bolt/async/dashboardnews,1391711350,6b8021
d3c416,::1,GET,http://localhost:8888/rv-bolt/async/showstack?items=7&options=full,1391711350,6b8021
a12bc5,::1,GET,http://localhost:8888/rv-bolt/async/latestactivity,1391711350,6b8021
6b8021,::1,GET,http://localhost:8888/rv-bolt/bolt/,1391711350,
2fe285,::1,GET,http://localhost:8888/rv-bolt/async/lastmodified/pages,1391711354,996327
da5a49,::1,GET,http://localhost:8888/rv-bolt/async/showstack?items=5&options=full,1391711354,996327
996327,::1,GET,http://localhost:8888/rv-bolt/bolt/editcontent/pages/,1391711354,
eab98a,::1,GET,http://localhost:8888/rv-bolt/async/makeuri?contenttypeslug=pages&fulluri=false&id=&title=%20,1391711355,
c4aa65,::1,GET,http://localhost:8888/rv-bolt/,1391712223,
e55bf4,::1,GET,http://localhost:8888/rv-bolt/,1391712284,
689b09,::1,GET,http://localhost:8888/rv-bolt/,1391712317,
db3a53,::1,GET,http://localhost:8888/rv-bolt/,1391712319,
fd1f38,::1,GET,http://localhost:8888/rv-bolt/,1391712352,
b39e92,::1,GET,http://localhost:8888/rv-bolt/,1391712362,
172857,::1,GET,http://localhost:8888/rv-bolt/,1391712363,
fe4281,::1,GET,http://localhost:8888/rv-bolt/,1391712422,
1d6d99,::1,GET,http://localhost:8888/rv-bolt/,1391712525,
c66857,::1,GET,http://localhost:8888/rv-bolt/async/dashboardnews,1391712590,65862a
e062fa,::1,GET,http://localhost:8888/rv-bolt/async/showstack?items=7&options=full,1391712590,65862a
8b5f97,::1,GET,http://localhost:8888/rv-bolt/async/latestactivity,1391712590,65862a
65862a,::1,GET,http://localhost:8888/rv-bolt/bolt/,1391712590,
c60bc2,::1,GET,http://localhost:8888/rv-bolt/async/latestactivity,1391712611,
19d8a5,::1,GET,http://localhost:8888/rv-bolt/async/latestactivity,1391712641,
bfe12e,::1,GET,http://localhost:8888/rv-bolt/async/latestactivity,1391712671,
f82075,::1,GET,http://localhost:8888/rv-bolt/async/latestactivity,1391712701,
e1ce4f,::1,GET,http://localhost:8888/rv-bolt/async/latestactivity,1391712731,
19d613,::1,GET,http://localhost:8888/rv-bolt/async/dashboardnews,1391712737,214ecb
df5a6c,::1,GET,http://localhost:8888/rv-bolt/async/showstack?items=7&options=full,1391712737,214ecb
3c95c6,::1,GET,http://localhost:8888/rv-bolt/async/latestactivity,1391712737,214ecb
214ecb,::1,GET,http://localhost:8888/rv-bolt/bolt/,1391712737,
75e133,::1,GET,http://localhost:8888/rv-bolt/bolt/dbcheck,1391712739,
62e970,::1,POST,http://localhost:8888/rv-bolt/bolt/dbupdate,1391712742,
ebbeb7,::1,GET,http://localhost:8888/rv-bolt/bolt/dbupdate_result?messages=%5B%22Created%20table%20%60bolt_blockquote%60.%22%5D,1391712742,
d1db2d,::1,GET,http://localhost:8888/rv-bolt/async/lastmodified/blockquote,1391712748,d18663
86c9d4,::1,GET,http://localhost:8888/rv-bolt/async/showstack?items=5&options=full,1391712748,d18663
d18663,::1,GET,http://localhost:8888/rv-bolt/bolt/overview/blockquote,1391712748,
626248,::1,GET,http://localhost:8888/rv-bolt/async/dashboardnews,1391712751,ac94ab
c0da23,::1,GET,http://localhost:8888/rv-bolt/async/showstack?items=7&options=full,1391712751,ac94ab
303e50,::1,GET,http://localhost:8888/rv-bolt/async/latestactivity,1391712751,ac94ab
ac94ab,::1,GET,http://localhost:8888/rv-bolt/bolt/,1391712751,
11e271,::1,GET,http://localhost:8888/rv-bolt/async/lastmodified/blockquote,1391712756,c05af6
2aa50d,::1,GET,http://localhost:8888/rv-bolt/async/showstack?items=5&options=full,1391712756,c05af6
c05af6,::1,GET,http://localhost:8888/rv-bolt/bolt/editcontent/blockquote/,1391712756,
4a3cef,::1,GET,http://localhost:8888/rv-bolt/bolt/dbcheck,1391712932,
119361,::1,POST,http://localhost:8888/rv-bolt/bolt/dbupdate,1391712933,
55a778,::1,GET,http://localhost:8888/rv-bolt/bolt/dbupdate_result?messages=%5B%22Updated%20%60bolt_blockquote%60%20table%20to%20match%20current%20schema.%22%5D,1391712933,
d4448b,::1,GET,http://localhost:8888/rv-bolt/async/lastmodified/blockquote,1391712938,4372bf
5d2056,::1,GET,http://localhost:8888/rv-bolt/async/showstack?items=5&options=full,1391712938,4372bf
4372bf,::1,GET,http://localhost:8888/rv-bolt/bolt/overview/blockquote,1391712938,
de4c66,::1,GET,http://localhost:8888/rv-bolt/async/lastmodified/blockquote,1391712942,507500
3012bb,::1,GET,http://localhost:8888/rv-bolt/async/showstack?items=5&options=full,1391712942,507500
507500,::1,GET,http://localhost:8888/rv-bolt/bolt/editcontent/blockquote/,1391712942,
5ac316,::1,GET,http://localhost:8888/rv-bolt/async/dashboardnews,1391713023,6cf8cc
4f7250,::1,GET,http://localhost:8888/rv-bolt/async/showstack?items=7&options=full,1391713023,6cf8cc
741650,::1,GET,http://localhost:8888/rv-bolt/async/latestactivity,1391713023,6cf8cc
6cf8cc,::1,GET,http://localhost:8888/rv-bolt/bolt/,1391713023,
c0f69e,::1,GET,http://localhost:8888/rv-bolt/async/dashboardnews,1391713035,674b36
948c9e,::1,GET,http://localhost:8888/rv-bolt/async/showstack?items=7&options=full,1391713035,674b36
2c3a7e,::1,GET,http://localhost:8888/rv-bolt/async/latestactivity,1391713035,674b36
674b36,::1,GET,http://localhost:8888/rv-bolt/bolt/,1391713035,
4d1ef3,::1,GET,http://localhost:8888/rv-bolt/bolt/dbcheck,1391713037,
e6c9b5,::1,POST,http://localhost:8888/rv-bolt/bolt/dbupdate,1391713039,
08e7f5,::1,GET,http://localhost:8888/rv-bolt/bolt/dbupdate_result?messages=%5B%22Created%20table%20%60bolt_blockquotes%60.%22%5D,1391713039,
3d3317,::1,GET,http://localhost:8888/rv-bolt/bolt/dbcheck,1391713042,
f130f2,::1,GET,http://localhost:8888/rv-bolt/async/dashboardnews,1391713046,b59fb3
94eef5,::1,GET,http://localhost:8888/rv-bolt/async/showstack?items=7&options=full,1391713046,b59fb3
300286,::1,GET,http://localhost:8888/rv-bolt/async/latestactivity,1391713046,b59fb3
b59fb3,::1,GET,http://localhost:8888/rv-bolt/bolt/,1391713046,
bb7db6,::1,GET,http://localhost:8888/rv-bolt/async/lastmodified/blockquotes,1391713048,37f55d
15c665,::1,GET,http://localhost:8888/rv-bolt/async/showstack?items=5&options=full,1391713048,37f55d
37f55d,::1,GET,http://localhost:8888/rv-bolt/bolt/editcontent/blockquotes/,1391713048,
a82308,::1,POST,http://localhost:8888/rv-bolt/bolt/editcontent/blockquotes/?returnto=sidebarsavecontinuebutton,1391713055,
23b135,::1,GET,http://localhost:8888/rv-bolt/async/lastmodified/blockquotes/1,1391713056,cdff63
e7a715,::1,GET,http://localhost:8888/rv-bolt/async/showstack?items=5&options=full,1391713056,cdff63
cdff63,::1,GET,http://localhost:8888/rv-bolt/bolt/editcontent/blockquotes/1,1391713056,
c103c5,::1,GET,http://localhost:8888/rv-bolt/async/dashboardnews,1391713058,a6a4a5
c1262c,::1,GET,http://localhost:8888/rv-bolt/async/showstack?items=7&options=full,1391713058,a6a4a5
e7e546,::1,GET,http://localhost:8888/rv-bolt/async/latestactivity,1391713058,a6a4a5
a6a4a5,::1,GET,http://localhost:8888/rv-bolt/bolt/,1391713058,
13f499,::1,GET,http://localhost:8888/rv-bolt/async/latestactivity,1391713079,
f0f56b,::1,GET,http://localhost:8888/rv-bolt/async/dashboardnews,1391713095,c504fd
15f26e,::1,GET,http://localhost:8888/rv-bolt/async/showstack?items=7&options=full,1391713095,c504fd
d60f1f,::1,GET,http://localhost:8888/rv-bolt/async/latestactivity,1391713095,c504fd
c504fd,::1,GET,http://localhost:8888/rv-bolt/bolt/,1391713095,
d3eece,::1,GET,http://localhost:8888/rv-bolt/bolt/dbcheck,1391713097,
63796a,::1,POST,http://localhost:8888/rv-bolt/bolt/dbupdate,1391713098,
604e82,::1,GET,http://localhost:8888/rv-bolt/bolt/dbupdate_result?messages=%5B%22Updated%20%60bolt_blockquotes%60%20table%20to%20match%20current%20schema.%22%5D,1391713098,
f8818f,::1,GET,http://localhost:8888/rv-bolt/async/lastmodified/blockquotes,1391713102,3f1969
8294b0,::1,GET,http://localhost:8888/rv-bolt/async/showstack?items=5&options=full,1391713102,3f1969
3f1969,::1,GET,http://localhost:8888/rv-bolt/bolt/overview/blockquotes,1391713102,
1ccafb,::1,GET,http://localhost:8888/rv-bolt/async/lastmodified/blockquotes/1,1391713109,7731ea
7711f5,::1,GET,http://localhost:8888/rv-bolt/async/showstack?items=5&options=full,1391713109,7731ea
7731ea,::1,GET,http://localhost:8888/rv-bolt/bolt/editcontent/blockquotes/1,1391713109,
7f5925,::1,POST,http://localhost:8888/rv-bolt/bolt/editcontent/blockquotes/1,1391713127,
85d49a,::1,GET,http://localhost:8888/rv-bolt/async/lastmodified/blockquotes,1391713127,cc4025
a88a63,::1,GET,http://localhost:8888/rv-bolt/async/showstack?items=5&options=full,1391713127,cc4025
cc4025,::1,GET,http://localhost:8888/rv-bolt/bolt/overview/blockquotes,1391713127,
15f5da,::1,POST,http://localhost:8888/rv-bolt/bolt/editcontent/blockquotes/1,1391713137,
82b893,::1,GET,http://localhost:8888/rv-bolt/async/lastmodified/blockquotes,1391713137,96b0f9
a9aaf5,::1,GET,http://localhost:8888/rv-bolt/async/showstack?items=5&options=full,1391713137,96b0f9
96b0f9,::1,GET,http://localhost:8888/rv-bolt/bolt/overview/blockquotes,1391713137,
01c3fb,::1,GET,http://localhost:8888/rv-bolt/async/dashboardnews,1391713139,2a5cf0
3ccf90,::1,GET,http://localhost:8888/rv-bolt/async/showstack?items=7&options=full,1391713139,2a5cf0
2a771d,::1,GET,http://localhost:8888/rv-bolt/async/latestactivity,1391713139,2a5cf0
2a5cf0,::1,GET,http://localhost:8888/rv-bolt/bolt/,1391713139,
7e70e3,::1,GET,http://localhost:8888/rv-bolt/async/latestactivity,1391713160,
e93deb,::1,GET,http://localhost:8888/rv-bolt/async/latestactivity,1391713191,
08a2b0,::1,GET,http://localhost:8888/rv-bolt/,1391713195,
42f35c,::1,GET,http://localhost:8888/rv-bolt/async/latestactivity,1391713221,
b11653,::1,GET,http://localhost:8888/rv-bolt/,1391713226,
567bc7,::1,GET,http://localhost:8888/rv-bolt/async/lastmodified/blockquotes/1,1391713239,f0bbb1
d08b15,::1,GET,http://localhost:8888/rv-bolt/async/showstack?items=5&options=full,1391713239,f0bbb1
f0bbb1,::1,GET,http://localhost:8888/rv-bolt/bolt/editcontent/blockquotes/1,1391713239,
92344f,::1,GET,http://localhost:8888/rv-bolt/async/lastmodified/blockquotes/1,1391713454,d661cd
50cc86,::1,GET,http://localhost:8888/rv-bolt/async/showstack?items=5&options=full,1391713454,d661cd
d661cd,::1,GET,http://localhost:8888/rv-bolt/bolt/editcontent/blockquotes/1,1391713454,
2e7daf,::1,GET,http://localhost:8888/rv-bolt/async/dashboardnews,1391713456,60f99f
9ff606,::1,GET,http://localhost:8888/rv-bolt/async/showstack?items=7&options=full,1391713456,60f99f
fdec1c,::1,GET,http://localhost:8888/rv-bolt/async/latestactivity,1391713456,60f99f
60f99f,::1,GET,http://localhost:8888/rv-bolt/bolt/,1391713456,
ae0ae1,::1,GET,http://localhost:8888/rv-bolt/,1391713462,
4df5c9,::1,GET,http://localhost:8888/rv-bolt/,1391713463,
841871,::1,GET,http://localhost:8888/rv-bolt/,1391713466,
4b6754,::1,GET,http://localhost:8888/rv-bolt/async/latestactivity,1391713477,
565673,::1,GET,http://localhost:8888/rv-bolt/async/latestactivity,1391713509,
0255de,::1,GET,http://localhost:8888/rv-bolt/async/latestactivity,1391713539,
e35f00,::1,GET,http://localhost:8888/rv-bolt/async/latestactivity,1391713569,
677fdc,::1,GET,http://localhost:8888/rv-bolt/async/latestactivity,1391713600,
7d7d32,::1,GET,http://localhost:8888/rv-bolt/async/dashboardnews,1391713602,1fa4f7
959ef5,::1,GET,http://localhost:8888/rv-bolt/async/showstack?items=7&options=full,1391713602,1fa4f7
233243,::1,GET,http://localhost:8888/rv-bolt/async/latestactivity,1391713602,1fa4f7
1fa4f7,::1,GET,http://localhost:8888/rv-bolt/bolt/,1391713602,
86ba3b,::1,GET,http://localhost:8888/rv-bolt/async/lastmodified/pages,1391713607,5aca31
a8b692,::1,GET,http://localhost:8888/rv-bolt/async/showstack?items=5&options=full,1391713607,5aca31
5aca31,::1,GET,http://localhost:8888/rv-bolt/bolt/editcontent/pages/,1391713607,
a2971b,::1,POST,http://localhost:8888/rv-bolt/bolt/editcontent/pages/?returnto=savecontinuebutton,1391713638,
f0e8a9,::1,GET,http://localhost:8888/rv-bolt/async/lastmodified/pages/1,1391713638,aaf0ea
bb49fd,::1,GET,http://localhost:8888/rv-bolt/async/showstack?items=5&options=full,1391713638,aaf0ea
aaf0ea,::1,GET,http://localhost:8888/rv-bolt/bolt/editcontent/pages/1,1391713638,
af527b,::1,GET,http://localhost:8888/rv-bolt/,1391713646,
171594,::1,GET,http://localhost:8888/rv-bolt/async/dashboardnews,1391713662,f6938f
61271e,::1,GET,http://localhost:8888/rv-bolt/async/showstack?items=7&options=full,1391713662,f6938f
265fe9,::1,GET,http://localhost:8888/rv-bolt/async/latestactivity,1391713662,f6938f
f6938f,::1,GET,http://localhost:8888/rv-bolt/bolt/,1391713662,
2ab92d,::1,GET,http://localhost:8888/rv-bolt/page/slug-10jj21,1391713669,
ace859,::1,GET,http://localhost:8888/rv-bolt/async/latestactivity,1391713683,
158263,::1,GET,http://localhost:8888/rv-bolt/async/lastmodified/pages/1,1391713699,76fe9f
746950,::1,GET,http://localhost:8888/rv-bolt/async/showstack?items=5&options=full,1391713699,76fe9f
76fe9f,::1,GET,http://localhost:8888/rv-bolt/bolt/editcontent/pages/1,1391713699,
da90be,::1,GET,http://localhost:8888/rv-bolt/async/dashboardnews,1391713855,fc6ce3
d364a8,::1,GET,http://localhost:8888/rv-bolt/async/showstack?items=7&options=full,1391713855,fc6ce3
1512af,::1,GET,http://localhost:8888/rv-bolt/async/latestactivity,1391713855,fc6ce3
fc6ce3,::1,GET,http://localhost:8888/rv-bolt/bolt/,1391713855,
618338,::1,GET,http://localhost:8888/rv-bolt/bolt/dbcheck,1391713857,
ebce12,::1,POST,http://localhost:8888/rv-bolt/bolt/dbupdate,1391713858,
5c68ca,::1,GET,http://localhost:8888/rv-bolt/bolt/dbupdate_result?messages=%5B%22Updated%20%60bolt_pages%60%20table%20to%20match%20current%20schema.%22%5D,1391713858,
de6fe5,::1,GET,http://localhost:8888/rv-bolt/async/lastmodified/pages,1391713861,9e0c42
dd4c3b,::1,GET,http://localhost:8888/rv-bolt/async/showstack?items=5&options=full,1391713861,9e0c42
9e0c42,::1,GET,http://localhost:8888/rv-bolt/bolt/overview/pages,1391713861,
16bf26,::1,GET,http://localhost:8888/rv-bolt/async/lastmodified/pages/1,1391713863,78a60a
842e02,::1,GET,http://localhost:8888/rv-bolt/async/showstack?items=5&options=full,1391713863,78a60a
78a60a,::1,GET,http://localhost:8888/rv-bolt/bolt/editcontent/pages/1,1391713863,
02446b,::1,POST,http://localhost:8888/rv-bolt/bolt/editcontent/pages/1,1391713907,
f3c3a9,::1,GET,http://localhost:8888/rv-bolt/async/lastmodified/pages,1391713907,4dbf45
1a43a0,::1,GET,http://localhost:8888/rv-bolt/async/showstack?items=5&options=full,1391713907,4dbf45
4dbf45,::1,GET,http://localhost:8888/rv-bolt/bolt/overview/pages,1391713907,
06a772,::1,GET,http://localhost:8888/rv-bolt/async/dashboardnews,1391713971,6fe50f
79a4da,::1,GET,http://localhost:8888/rv-bolt/async/showstack?items=7&options=full,1391713971,6fe50f
6837c5,::1,GET,http://localhost:8888/rv-bolt/async/latestactivity,1391713971,6fe50f
6fe50f,::1,GET,http://localhost:8888/rv-bolt/bolt/,1391713971,
331349,::1,GET,http://localhost:8888/rv-bolt/,1391713987,
eed886,::1,GET,http://localhost:8888/rv-bolt/async/latestactivity,1391713991,
6e3f04,::1,GET,http://localhost:8888/rv-bolt/,1391714010,
ea3a0c,::1,GET,http://localhost:8888/rv-bolt/async/latestactivity,1391714022,
dc2d8a,::1,GET,http://localhost:8888/rv-bolt/async/latestactivity,1391714052,
822e28,::1,GET,http://localhost:8888/rv-bolt/async/latestactivity,1391714083,
0d27a0,::1,GET,http://localhost:8888/rv-bolt/async/latestactivity,1391714113,
4ac5a7,::1,GET,http://localhost:8888/rv-bolt/async/lastmodified/blockquotes/1,1391714141,79d627
8ae4a0,::1,GET,http://localhost:8888/rv-bolt/async/showstack?items=5&options=full,1391714141,79d627
79d627,::1,GET,http://localhost:8888/rv-bolt/bolt/editcontent/blockquotes/1,1391714141,
778c38,::1,GET,http://localhost:8888/rv-bolt/bolt/dbcheck,1391714146,
ac6a57,::1,POST,http://localhost:8888/rv-bolt/bolt/dbupdate,1391714147,
3f678b,::1,GET,http://localhost:8888/rv-bolt/bolt/dbupdate_result?messages=%5B%22Updated%20%60bolt_blockquotes%60%20table%20to%20match%20current%20schema.%22%5D,1391714147,
4d4687,::1,GET,http://localhost:8888/rv-bolt/async/lastmodified/blockquotes,1391714149,c0bc00
ec868c,::1,GET,http://localhost:8888/rv-bolt/async/showstack?items=5&options=full,1391714149,c0bc00
c0bc00,::1,GET,http://localhost:8888/rv-bolt/bolt/overview/blockquotes,1391714149,
bc9f85,::1,GET,http://localhost:8888/rv-bolt/async/lastmodified/blockquotes/1,1391714151,390f7c
513d6a,::1,GET,http://localhost:8888/rv-bolt/async/showstack?items=5&options=full,1391714151,390f7c
390f7c,::1,GET,http://localhost:8888/rv-bolt/bolt/editcontent/blockquotes/1,1391714151,
be583b,::1,POST,http://localhost:8888/rv-bolt/bolt/editcontent/blockquotes/1,1391714156,
52d115,::1,GET,http://localhost:8888/rv-bolt/async/lastmodified/blockquotes,1391714156,ce1ea4
c6189f,::1,GET,http://localhost:8888/rv-bolt/async/showstack?items=5&options=full,1391714156,ce1ea4
ce1ea4,::1,GET,http://localhost:8888/rv-bolt/bolt/overview/blockquotes,1391714156,
925ca0,::1,POST,http://localhost:8888/rv-bolt/preview/blockquote,1391714160,
4b95a7,::1,POST,http://localhost:8888/rv-bolt/preview/blockquote,1391714186,
54a49f,::1,POST,http://localhost:8888/rv-bolt/preview/blockquote,1391714194,
049558,::1,POST,http://localhost:8888/rv-bolt/preview/blockquote,1391714199,
05a086,::1,GET,http://localhost:8888/rv-bolt/,1391714203,
d5a0eb,::1,GET,http://localhost:8888/rv-bolt/,1391714205,
a8504f,::1,GET,http://localhost:8888/rv-bolt/,1391714222,
7d1662,::1,GET,http://localhost:8888/rv-bolt/,1391714224,
663201,::1,GET,http://localhost:8888/rv-bolt/,1391714361,
4b4f43,::1,GET,http://localhost:8888/rv-bolt/async/dashboardnews,1391846613,9680a6
8d156b,::1,GET,http://localhost:8888/rv-bolt/async/showstack?items=7&options=full,1391846613,9680a6
fff374,::1,GET,http://localhost:8888/rv-bolt/async/latestactivity,1391846613,9680a6
9680a6,::1,GET,http://localhost:8888/rv-bolt/bolt/,1391846613,
f6098d,::1,GET,http://localhost:8888/rv-bolt/async/latestactivity,1391846633,
38b6f4,::1,GET,http://localhost:8888/rv-bolt/async/latestactivity,1391846664,
f0033d,::1,GET,http://localhost:8888/rv-bolt/async/latestactivity,1391846695,
175012,::1,GET,http://localhost:8888/rv-bolt/async/latestactivity,1391846725,
f212be,::1,GET,http://localhost:8888/rv-bolt/async/latestactivity,1391846755,
32e3e7,::1,GET,http://localhost:8888/rv-bolt/async/latestactivity,1391846785,
dc766a,::1,GET,http://localhost:8888/rv-bolt/async/latestactivity,1391846815,
1b1f58,::1,GET,http://localhost:8888/rv-bolt/async/latestactivity,1391846845,
67c201,::1,GET,http://localhost:8888/rv-bolt/async/latestactivity,1391846875,
b7f048,::1,GET,http://localhost:8888/rv-bolt/async/latestactivity,1391846905,
9b9789,::1,GET,http://localhost:8888/rv-bolt/async/latestactivity,1391846935,
25d90d,::1,GET,http://localhost:8888/rv-bolt/async/dashboardnews,1391846936,b7e1e9
eb5ac0,::1,GET,http://localhost:8888/rv-bolt/async/showstack?items=7&options=full,1391846936,b7e1e9
302949,::1,GET,http://localhost:8888/rv-bolt/async/latestactivity,1391846936,b7e1e9
b7e1e9,::1,GET,http://localhost:8888/rv-bolt/bolt/,1391846936,
d0fb18,::1,GET,http://localhost:8888/rv-bolt/async/lastmodified/pages/1,1391846941,adddbc
2a1c33,::1,GET,http://localhost:8888/rv-bolt/async/showstack?items=5&options=full,1391846941,adddbc
adddbc,::1,GET,http://localhost:8888/rv-bolt/bolt/editcontent/pages/1,1391846941,
115249,::1,GET,http://localhost:8888/rv-bolt/,1391846952,
f0bd01,::1,GET,http://localhost:8888/rv-bolt/pages,1391846979,
565e62,::1,GET,http://localhost:8888/rv-bolt/,1391848846,
038452,::1,GET,http://localhost:8888/rv-bolt/async/dashboardnews,1391849014,dadbe3
9262a2,::1,GET,http://localhost:8888/rv-bolt/async/showstack?items=7&options=full,1391849014,dadbe3
a1bd37,::1,GET,http://localhost:8888/rv-bolt/async/latestactivity,1391849014,dadbe3
dadbe3,::1,GET,http://localhost:8888/rv-bolt/bolt/,1391849014,
b5b835,::1,GET,http://localhost:8888/rv-bolt/async/lastmodified/pages/1,1391849023,a817e8
4cbf4a,::1,GET,http://localhost:8888/rv-bolt/async/showstack?items=5&options=full,1391849023,a817e8
a817e8,::1,GET,http://localhost:8888/rv-bolt/bolt/editcontent/pages/1,1391849023,
82b631,::1,POST,http://localhost:8888/rv-bolt/bolt/editcontent/pages/1,1391849119,
c16b26,::1,GET,http://localhost:8888/rv-bolt/async/lastmodified/pages,1391849119,025426
75013e,::1,GET,http://localhost:8888/rv-bolt/async/showstack?items=5&options=full,1391849119,025426
025426,::1,GET,http://localhost:8888/rv-bolt/bolt/overview/pages,1391849119,
6a1ae8,::1,GET,http://localhost:8888/rv-bolt/,1391849137,
be1af5,::1,GET,http://localhost:8888/rv-bolt/,1391849168,
e32812,::1,GET,http://localhost:8888/rv-bolt/,1391849171,
c5fb91,::1,POST,http://localhost:8888/rv-bolt/bolt/editcontent/pages/1,1391849215,
3bd663,::1,GET,http://localhost:8888/rv-bolt/async/lastmodified/pages,1391849215,1fe559
3f533e,::1,GET,http://localhost:8888/rv-bolt/async/showstack?items=5&options=full,1391849215,1fe559
1fe559,::1,GET,http://localhost:8888/rv-bolt/bolt/overview/pages,1391849215,
d17d9c,::1,GET,http://localhost:8888/rv-bolt/,1391849221,
503655,::1,GET,http://localhost:8888/rv-bolt/,1391849222,
37f030,::1,POST,http://localhost:8888/rv-bolt/bolt/editcontent/pages/1,1391849228,
d5a026,::1,GET,http://localhost:8888/rv-bolt/async/lastmodified/pages,1391849228,e00608
9ac375,::1,GET,http://localhost:8888/rv-bolt/async/showstack?items=5&options=full,1391849228,e00608
e00608,::1,GET,http://localhost:8888/rv-bolt/bolt/overview/pages,1391849228,
67de0c,::1,GET,http://localhost:8888/rv-bolt/,1391849233,
60ebc4,::1,GET,http://localhost:8888/rv-bolt/,1391849235,
e71762,::1,GET,http://localhost:8888/rv-bolt/,1391849235,
b8836b,::1,GET,http://localhost:8888/rv-bolt/,1391849236,
996ee5,::1,POST,http://localhost:8888/rv-bolt/bolt/editcontent/pages/1,1391849287,
807ccb,::1,GET,http://localhost:8888/rv-bolt/async/lastmodified/pages,1391849288,f2db3b
f671ad,::1,GET,http://localhost:8888/rv-bolt/async/showstack?items=5&options=full,1391849288,f2db3b
f2db3b,::1,GET,http://localhost:8888/rv-bolt/bolt/overview/pages,1391849288,
0f9bde,::1,GET,http://localhost:8888/rv-bolt/,1391849293,
d80677,::1,GET,http://localhost:8888/rv-bolt/async/dashboardnews,1391849614,dc73bf
497f8a,::1,GET,http://localhost:8888/rv-bolt/async/showstack?items=7&options=full,1391849614,dc73bf
4ee24d,::1,GET,http://localhost:8888/rv-bolt/async/latestactivity,1391849614,dc73bf
dc73bf,::1,GET,http://localhost:8888/rv-bolt/bolt/,1391849614,
740680,::1,GET,http://localhost:8888/rv-bolt/bolt/dbcheck,1391849616,
ed109b,::1,POST,http://localhost:8888/rv-bolt/bolt/dbupdate,1391849619,
a56b06,::1,GET,http://localhost:8888/rv-bolt/bolt/dbupdate_result?messages=%5B%22Updated%20%60bolt_pages%60%20table%20to%20match%20current%20schema.%22%5D,1391849620,
a7e2d2,::1,GET,http://localhost:8888/rv-bolt/async/dashboardnews,1391849621,89f4a3
5ba5ea,::1,GET,http://localhost:8888/rv-bolt/async/showstack?items=7&options=full,1391849621,89f4a3
49d7d6,::1,GET,http://localhost:8888/rv-bolt/async/latestactivity,1391849621,89f4a3
89f4a3,::1,GET,http://localhost:8888/rv-bolt/bolt/,1391849621,
7132aa,::1,GET,http://localhost:8888/rv-bolt/async/lastmodified/pages/1,1391849623,d988a8
e3a7f5,::1,GET,http://localhost:8888/rv-bolt/async/showstack?items=5&options=full,1391849623,d988a8
d988a8,::1,GET,http://localhost:8888/rv-bolt/bolt/editcontent/pages/1,1391849623,
ce13ff,::1,GET,http://localhost:8888/rv-bolt/async/addstack/2014-02/rickyverona_logo2x.png,1391849648,
4bad67,::1,POST,http://localhost:8888/rv-bolt/bolt/editcontent/pages/1,1391849752,
918bf5,::1,GET,http://localhost:8888/rv-bolt/async/lastmodified/pages,1391849752,a81a1a
7e5aa7,::1,GET,http://localhost:8888/rv-bolt/async/showstack?items=5&options=full,1391849752,a81a1a
a81a1a,::1,GET,http://localhost:8888/rv-bolt/bolt/overview/pages,1391849752,
d244f5,::1,GET,http://localhost:8888/rv-bolt/async/dashboardnews,1391849754,989202
ee4f9a,::1,GET,http://localhost:8888/rv-bolt/async/showstack?items=7&options=full,1391849754,989202
480eb0,::1,GET,http://localhost:8888/rv-bolt/async/latestactivity,1391849754,989202
989202,::1,GET,http://localhost:8888/rv-bolt/bolt/,1391849754,
a783b0,::1,GET,http://localhost:8888/rv-bolt/async/lastmodified/pages/1,1391849759,7130cb
426fe4,::1,GET,http://localhost:8888/rv-bolt/async/showstack?items=5&options=full,1391849759,7130cb
7130cb,::1,GET,http://localhost:8888/rv-bolt/bolt/editcontent/pages/1,1391849759,
4a007b,::1,POST,http://localhost:8888/rv-bolt/bolt/editcontent/pages/1,1391849825,
f7bb31,::1,GET,http://localhost:8888/rv-bolt/async/lastmodified/pages,1391849825,3e9354
c771bf,::1,GET,http://localhost:8888/rv-bolt/async/showstack?items=5&options=full,1391849825,3e9354
3e9354,::1,GET,http://localhost:8888/rv-bolt/bolt/overview/pages,1391849825,
b90e3b,::1,GET,http://localhost:8888/rv-bolt/,1391849887,
2f496f,::1,GET,http://localhost:8888/rv-bolt/async/dashboardnews,1391850005,9251fd
4a629c,::1,GET,http://localhost:8888/rv-bolt/async/showstack?items=7&options=full,1391850005,9251fd
3983ef,::1,GET,http://localhost:8888/rv-bolt/async/latestactivity,1391850005,9251fd
9251fd,::1,GET,http://localhost:8888/rv-bolt/bolt/,1391850005,
8c2905,::1,GET,http://localhost:8888/rv-bolt/bolt/dbcheck,1391850007,
bd96ce,::1,POST,http://localhost:8888/rv-bolt/bolt/dbupdate,1391850009,
18c449,::1,GET,http://localhost:8888/rv-bolt/bolt/dbupdate_result?messages=%5B%22Updated%20%60bolt_pages%60%20table%20to%20match%20current%20schema.%22%5D,1391850009,
d7e848,::1,GET,http://localhost:8888/rv-bolt/async/dashboardnews,1391850011,cf2cfb
81fb87,::1,GET,http://localhost:8888/rv-bolt/async/showstack?items=7&options=full,1391850011,cf2cfb
801915,::1,GET,http://localhost:8888/rv-bolt/async/latestactivity,1391850011,cf2cfb
cf2cfb,::1,GET,http://localhost:8888/rv-bolt/bolt/,1391850011,
6f7a23,::1,GET,http://localhost:8888/rv-bolt/async/lastmodified/pages/1,1391850013,d3dbe4
f06c29,::1,GET,http://localhost:8888/rv-bolt/async/showstack?items=5&options=full,1391850013,d3dbe4
d3dbe4,::1,GET,http://localhost:8888/rv-bolt/bolt/editcontent/pages/1,1391850013,
2e923d,::1,GET,http://localhost:8888/rv-bolt/,1391850387,
acec29,::1,POST,http://localhost:8888/rv-bolt/bolt/editcontent/pages/1,1391850450,
0034bc,::1,GET,http://localhost:8888/rv-bolt/async/lastmodified/pages,1391850450,f31cfc
36ecd1,::1,GET,http://localhost:8888/rv-bolt/async/showstack?items=5&options=full,1391850450,f31cfc
f31cfc,::1,GET,http://localhost:8888/rv-bolt/bolt/overview/pages,1391850450,
e89618,::1,GET,http://localhost:8888/rv-bolt/,1391850454,
2fb05a,::1,GET,http://localhost:8888/rv-bolt/,1391850499,
597b4a,::1,GET,http://localhost:8888/rv-bolt/,1391850523,
ad5b24,::1,GET,http://localhost:8888/rv-bolt/,1391850589,
47b6ba,::1,GET,http://localhost:8888/rv-bolt/,1391860488,
4795af,::1,GET,http://localhost:8888/rv-bolt/,1391861485,
3a0474,::1,GET,http://localhost:8888/rv-bolt/,1391861874,
ab5847,::1,GET,http://localhost:8888/rv-bolt/,1391861884,
0ea63b,::1,GET,http://localhost:8888/rv-bolt/,1391861890,
607a94,::1,GET,http://localhost:8888/rv-bolt/,1391861898,
8ed87d,::1,GET,http://localhost:8888/rv-bolt/,1391861914,
816f29,::1,GET,http://localhost:8888/rv-bolt/,1391861980,
bfd34e,::1,GET,http://localhost:8888/rv-bolt/,1391861990,
369880,::1,GET,http://localhost:8888/rv-bolt/?codekitCB=413554856.206778,1391862056,
de0d84,::1,GET,http://localhost:8888/rv-bolt/?codekitCB=413554856.206778,1391862056,
3706fd,::1,GET,http://localhost:8888/rv-bolt/?codekitCB=413554868.043047,1391862068,
56d537,::1,GET,http://localhost:8888/rv-bolt/?codekitCB=413554868.043047,1391862068,
957b58,::1,GET,http://localhost:8888/rv-bolt/?codekitCB=413554868.043047,1391862088,
e79df7,::1,GET,http://localhost:8888/rv-bolt/?codekitCB=413554895.155949,1391862095,
dd689b,::1,GET,http://localhost:8888/rv-bolt/?codekitCB=413554895.155949,1391862095,
f6096f,::1,GET,http://localhost:8888/rv-bolt/?codekitCB=413554895.155949,1391862102,
6f9b02,::1,GET,http://localhost:8888/rv-bolt/,1391862126,
e44e8a,::1,GET,http://localhost:8888/rv-bolt/,1391971346,
339d92,::1,GET,http://localhost:8888/rv-bolt/?comments=&email=&name=&phone=,1391971399,
7b8a24,::1,GET,http://localhost:8888/rv-bolt/async/dashboardnews,1391971413,e8fa3c
dad2df,::1,GET,http://localhost:8888/rv-bolt/async/showstack?items=7&options=full,1391971413,e8fa3c
3a3c67,::1,GET,http://localhost:8888/rv-bolt/async/latestactivity,1391971413,e8fa3c
e8fa3c,::1,GET,http://localhost:8888/rv-bolt/bolt/,1391971413,
14bfaf,::1,GET,http://localhost:8888/rv-bolt/bolt/dbcheck,1391971415,
7386e3,::1,POST,http://localhost:8888/rv-bolt/bolt/dbupdate,1391971417,
9da1ec,::1,GET,http://localhost:8888/rv-bolt/bolt/dbupdate_result?messages=%5B%22Updated%20%60bolt_pages%60%20table%20to%20match%20current%20schema.%22%5D,1391971417,
a74e7d,::1,GET,http://localhost:8888/rv-bolt/async/dashboardnews,1391971420,36d2a4
504efe,::1,GET,http://localhost:8888/rv-bolt/async/showstack?items=7&options=full,1391971420,36d2a4
b26dd2,::1,GET,http://localhost:8888/rv-bolt/async/latestactivity,1391971420,36d2a4
36d2a4,::1,GET,http://localhost:8888/rv-bolt/bolt/,1391971420,
4b4232,::1,GET,http://localhost:8888/rv-bolt/async/lastmodified/pages/1,1391971422,6635b8
c72961,::1,GET,http://localhost:8888/rv-bolt/async/showstack?items=5&options=full,1391971422,6635b8
6635b8,::1,GET,http://localhost:8888/rv-bolt/bolt/editcontent/pages/1,1391971422,
80fbe6,::1,GET,http://localhost:8888/rv-bolt/?comments=&email=&name=&phone=,1391971495,
525080,::1,GET,http://localhost:8888/rv-bolt/,1391971498,
0f333a,::1,GET,http://localhost:8888/rv-bolt/async/dashboardnews,1391971668,1c7bea
b6e8aa,::1,GET,http://localhost:8888/rv-bolt/async/showstack?items=7&options=full,1391971668,1c7bea
fd8dba,::1,GET,http://localhost:8888/rv-bolt/async/latestactivity,1391971668,1c7bea
1c7bea,::1,GET,http://localhost:8888/rv-bolt/bolt/,1391971668,
9d2879,::1,GET,http://localhost:8888/rv-bolt/bolt/dbcheck,1391971670,
1926e9,::1,POST,http://localhost:8888/rv-bolt/bolt/dbupdate,1391971671,
e6b819,::1,GET,http://localhost:8888/rv-bolt/bolt/dbupdate_result?messages=%5B%22Updated%20%60bolt_pages%60%20table%20to%20match%20current%20schema.%22%5D,1391971671,
ce79a3,::1,GET,http://localhost:8888/rv-bolt/async/lastmodified/pages,1391971674,4e06e0
92de04,::1,GET,http://localhost:8888/rv-bolt/async/showstack?items=5&options=full,1391971674,4e06e0
4e06e0,::1,GET,http://localhost:8888/rv-bolt/bolt/overview/pages,1391971674,
798678,::1,GET,http://localhost:8888/rv-bolt/async/lastmodified/pages/1,1391971679,f31758
dbd890,::1,GET,http://localhost:8888/rv-bolt/async/showstack?items=5&options=full,1391971679,f31758
f31758,::1,GET,http://localhost:8888/rv-bolt/bolt/editcontent/pages/1,1391971679,
64f952,::1,GET,http://localhost:8888/rv-bolt/async/dashboardnews,1391971713,0ee340
7c9bd9,::1,GET,http://localhost:8888/rv-bolt/async/showstack?items=7&options=full,1391971713,0ee340
7835fc,::1,GET,http://localhost:8888/rv-bolt/async/latestactivity,1391971713,0ee340
0ee340,::1,GET,http://localhost:8888/rv-bolt/bolt/,1391971713,
6678ff,::1,GET,http://localhost:8888/rv-bolt/async/dashboardnews,1391971715,b2a302
faefab,::1,GET,http://localhost:8888/rv-bolt/async/showstack?items=7&options=full,1391971715,b2a302
70de25,::1,GET,http://localhost:8888/rv-bolt/async/latestactivity,1391971715,b2a302
b2a302,::1,GET,http://localhost:8888/rv-bolt/bolt/,1391971715,
e7a9c1,::1,GET,http://localhost:8888/rv-bolt/async/lastmodified/pages/1,1391971717,f1392f
870390,::1,GET,http://localhost:8888/rv-bolt/async/showstack?items=5&options=full,1391971717,f1392f
f1392f,::1,GET,http://localhost:8888/rv-bolt/bolt/editcontent/pages/1,1391971717,
aed31d,::1,POST,http://localhost:8888/rv-bolt/bolt/editcontent/pages/1,1391971782,
3605c4,::1,GET,http://localhost:8888/rv-bolt/async/lastmodified/pages,1391971782,c37ff9
80532e,::1,GET,http://localhost:8888/rv-bolt/async/showstack?items=5&options=full,1391971783,c37ff9
c37ff9,::1,GET,http://localhost:8888/rv-bolt/bolt/overview/pages,1391971783,
a3c876,::1,GET,http://localhost:8888/rv-bolt/async/dashboardnews,1391971802,9ddf6b
69d593,::1,GET,http://localhost:8888/rv-bolt/async/showstack?items=7&options=full,1391971802,9ddf6b
6befb7,::1,GET,http://localhost:8888/rv-bolt/async/latestactivity,1391971803,9ddf6b
9ddf6b,::1,GET,http://localhost:8888/rv-bolt/bolt/,1391971803,
1ca175,::1,GET,http://localhost:8888/rv-bolt/async/latestactivity,1391971823,
084793,::1,GET,http://localhost:8888/rv-bolt/async/latestactivity,1391971854,
6dd986,::1,GET,http://localhost:8888/rv-bolt/async/latestactivity,1391971884,
dd06b8,::1,GET,http://localhost:8888/rv-bolt/async/latestactivity,1391971913,
14c426,::1,GET,http://localhost:8888/rv-bolt/async/latestactivity,1391971944,
36d506,::1,GET,http://localhost:8888/rv-bolt/async/lastmodified/pages/1,1391971953,7c51c9
7470c0,::1,GET,http://localhost:8888/rv-bolt/async/showstack?items=5&options=full,1391971953,7c51c9
7c51c9,::1,GET,http://localhost:8888/rv-bolt/bolt/editcontent/pages/1,1391971953,
0bc1f5,::1,GET,http://localhost:8888/rv-bolt/async/lastmodified/pages,1391971972,e078cd
217da9,::1,GET,http://localhost:8888/rv-bolt/async/showstack?items=5&options=full,1391971972,e078cd
e078cd,::1,GET,http://localhost:8888/rv-bolt/bolt/overview/pages,1391971972,
cd2d77,::1,GET,http://localhost:8888/rv-bolt/async/lastmodified/pages/1,1391971981,c3bc86
c9eb44,::1,GET,http://localhost:8888/rv-bolt/async/showstack?items=5&options=full,1391971981,c3bc86
c3bc86,::1,GET,http://localhost:8888/rv-bolt/bolt/editcontent/pages/1,1391971981,
0de3a3,::1,GET,http://localhost:8888/rv-bolt/async/lastmodified/pages/1,1391972105,581807
a3f884,::1,GET,http://localhost:8888/rv-bolt/async/showstack?items=5&options=full,1391972105,581807
581807,::1,GET,http://localhost:8888/rv-bolt/bolt/editcontent/pages/1?codekitCB=413664904.874556,1391972105,
dd019d,::1,GET,http://localhost:8888/rv-bolt/,1391972110,
4661cc,::1,GET,http://localhost:8888/rv-bolt/async/dashboardnews,1391972770,228c9a
4ab92f,::1,GET,http://localhost:8888/rv-bolt/async/showstack?items=7&options=full,1391972770,228c9a
ec8380,::1,GET,http://localhost:8888/rv-bolt/async/latestactivity,1391972770,228c9a
228c9a,::1,GET,http://localhost:8888/rv-bolt/bolt/,1391972770,
fa5660,::1,GET,http://localhost:8888/rv-bolt/bolt/dbcheck,1391972772,
8a8ffa,::1,POST,http://localhost:8888/rv-bolt/bolt/dbupdate,1391972773,
9ae4b5,::1,GET,http://localhost:8888/rv-bolt/bolt/dbupdate_result?messages=%5B%22Updated%20%60bolt_pages%60%20table%20to%20match%20current%20schema.%22%5D,1391972773,
37f8eb,::1,GET,http://localhost:8888/rv-bolt/async/dashboardnews,1391972775,fa2009
85d52e,::1,GET,http://localhost:8888/rv-bolt/async/showstack?items=7&options=full,1391972775,fa2009
39c00b,::1,GET,http://localhost:8888/rv-bolt/async/latestactivity,1391972775,fa2009
fa2009,::1,GET,http://localhost:8888/rv-bolt/bolt/,1391972775,
e1cb6a,::1,GET,http://localhost:8888/rv-bolt/async/lastmodified/pages/1,1391972777,f9765b
78d2a5,::1,GET,http://localhost:8888/rv-bolt/async/showstack?items=5&options=full,1391972777,f9765b
f9765b,::1,GET,http://localhost:8888/rv-bolt/bolt/editcontent/pages/1,1391972777,
26baf9,::1,POST,http://localhost:8888/rv-bolt/bolt/editcontent/pages/1,1391972837,
8ca1ff,::1,GET,http://localhost:8888/rv-bolt/async/lastmodified/pages,1391972838,9cc0e5
0980a0,::1,GET,http://localhost:8888/rv-bolt/async/showstack?items=5&options=full,1391972838,9cc0e5
9cc0e5,::1,GET,http://localhost:8888/rv-bolt/bolt/overview/pages,1391972838,
e309c7,::1,GET,http://localhost:8888/rv-bolt/async/lastmodified/pages/1,1391972905,df70cf
80102f,::1,GET,http://localhost:8888/rv-bolt/async/showstack?items=5&options=full,1391972905,df70cf
df70cf,::1,GET,http://localhost:8888/rv-bolt/bolt/editcontent/pages/1?codekitCB=413665704.931499,1391972905,
0ab63d,::1,GET,http://localhost:8888/rv-bolt/async/lastmodified/pages/1,1391972905,4ddaae
013821,::1,GET,http://localhost:8888/rv-bolt/async/showstack?items=5&options=full,1391972905,4ddaae
4ddaae,::1,GET,http://localhost:8888/rv-bolt/bolt/editcontent/pages/1?codekitCB=413665704.931499,1391972905,
54e8a7,::1,GET,http://localhost:8888/rv-bolt/,1391972914,
5a9ad9,::1,GET,http://localhost:8888/rv-bolt/?codekitCB=413665765.707892,1391972965,
b7364e,::1,GET,http://localhost:8888/rv-bolt/?codekitCB=413665765.707892,1391972965,
0faa7e,::1,GET,http://localhost:8888/rv-bolt/?codekitCB=413665795.656490,1391972995,
d3be14,::1,GET,http://localhost:8888/rv-bolt/?codekitCB=413665795.656490,1391972995,
de67b3,::1,GET,http://localhost:8888/rv-bolt/?codekitCB=413665800.163561,1391973000,
778d45,::1,GET,http://localhost:8888/rv-bolt/?codekitCB=413665800.163561,1391973000,
3b4383,::1,GET,http://localhost:8888/rv-bolt/?codekitCB=413665800.163561,1391973003,
93c3dc,::1,GET,http://localhost:8888/rv-bolt/?codekitCB=413665800.163561,1391973004,
c37176,::1,GET,http://localhost:8888/rv-bolt/?codekitCB=413665800.163561,1391973005,
7c41d7,::1,GET,http://localhost:8888/rv-bolt/?codekitCB=413665800.163561,1391973005,
343661,::1,GET,http://localhost:8888/rv-bolt/?codekitCB=413665800.163561,1391973005,
466494,::1,GET,http://localhost:8888/rv-bolt/?codekitCB=413665800.163561,1391973005,
40259c,::1,GET,http://localhost:8888/rv-bolt/?codekitCB=413665800.163561,1391973006,
02e74f,::1,GET,http://localhost:8888/rv-bolt/,1391973017,
f1aab8,::1,GET,http://localhost:8888/rv-bolt/async/dashboardnews,1391973082,e13b99
1492a5,::1,GET,http://localhost:8888/rv-bolt/async/showstack?items=7&options=full,1391973082,e13b99
7f1f78,::1,GET,http://localhost:8888/rv-bolt/async/latestactivity,1391973082,e13b99
e13b99,::1,GET,http://localhost:8888/rv-bolt/bolt/,1391973082,
b98824,::1,GET,http://localhost:8888/rv-bolt/page/slug-10jj21,1391973091,
9fbf82,::1,GET,http://localhost:8888/rv-bolt/async/latestactivity,1391973103,
d084b6,::1,GET,http://localhost:8888/rv-bolt/async/latestactivity,1391973133,
a92cbb,::1,GET,http://localhost:8888/rv-bolt/async/lastmodified/pages/1,1391973134,092605
c3dcbb,::1,GET,http://localhost:8888/rv-bolt/async/showstack?items=5&options=full,1391973134,092605
092605,::1,GET,http://localhost:8888/rv-bolt/bolt/editcontent/pages/1,1391973134,
93ad1c,::1,POST,http://localhost:8888/rv-bolt/bolt/editcontent/pages/1,1391973149,
805499,::1,GET,http://localhost:8888/rv-bolt/async/lastmodified/pages,1391973150,46aee5
907c61,::1,GET,http://localhost:8888/rv-bolt/async/showstack?items=5&options=full,1391973150,46aee5
46aee5,::1,GET,http://localhost:8888/rv-bolt/bolt/overview/pages,1391973150,
4eefd9,::1,GET,http://localhost:8888/rv-bolt/page/slug-10jj21,1391973153,
ee2de6,::1,GET,http://localhost:8888/rv-bolt/page/slug-10jj21?codekitCB=413666035.554146,1391973235,
d9a845,::1,GET,http://localhost:8888/rv-bolt/page/slug-10jj21?codekitCB=413666035.554146,1391973235,
be909d,::1,GET,http://localhost:8888/rv-bolt/page/slug-10jj21?codekitCB=413666050.728129,1391973250,
bba916,::1,GET,http://localhost:8888/rv-bolt/page/slug-10jj21?codekitCB=413666050.728129,1391973250,
0daf27,::1,GET,http://localhost:8888/rv-bolt/page/slug-10jj21?codekitCB=413666060.676190,1391973260,
26e11a,::1,GET,http://localhost:8888/rv-bolt/page/slug-10jj21?codekitCB=413666060.676190,1391973260,
7e4003,::1,GET,http://localhost:8888/rv-bolt/async/dashboardnews,1391973350,3c9b92
fe7be9,::1,GET,http://localhost:8888/rv-bolt/async/showstack?items=7&options=full,1391973350,3c9b92
c18015,::1,GET,http://localhost:8888/rv-bolt/async/latestactivity,1391973350,3c9b92
3c9b92,::1,GET,http://localhost:8888/rv-bolt/bolt/,1391973350,
a33dc7,::1,GET,http://localhost:8888/rv-bolt/async/lastmodified/pages/1,1391973352,c59309
cb8301,::1,GET,http://localhost:8888/rv-bolt/async/showstack?items=5&options=full,1391973352,c59309
c59309,::1,GET,http://localhost:8888/rv-bolt/bolt/editcontent/pages/1,1391973352,
b96339,::1,GET,http://localhost:8888/rv-bolt/async/lastmodified/pages/1,1391973364,0bd98a
33d510,::1,GET,http://localhost:8888/rv-bolt/async/showstack?items=5&options=full,1391973364,0bd98a
0bd98a,::1,GET,http://localhost:8888/rv-bolt/bolt/editcontent/pages/1,1391973364,
d45247,::1,GET,http://localhost:8888/rv-bolt/async/lastmodified/pages/1,1391973371,3407a1
b81f9b,::1,GET,http://localhost:8888/rv-bolt/async/showstack?items=5&options=full,1391973371,3407a1
3407a1,::1,GET,http://localhost:8888/rv-bolt/bolt/editcontent/pages/1,1391973371,
1bec01,::1,GET,http://localhost:8888/rv-bolt/async/dashboardnews,1391973374,4e6368
6e9b36,::1,GET,http://localhost:8888/rv-bolt/async/showstack?items=7&options=full,1391973374,4e6368
98577d,::1,GET,http://localhost:8888/rv-bolt/async/latestactivity,1391973374,4e6368
4e6368,::1,GET,http://localhost:8888/rv-bolt/bolt/,1391973374,
a9f8b9,::1,GET,http://localhost:8888/rv-bolt/async/lastmodified/pages/1,1391973376,641d92
db89f6,::1,GET,http://localhost:8888/rv-bolt/async/showstack?items=5&options=full,1391973376,641d92
641d92,::1,GET,http://localhost:8888/rv-bolt/bolt/editcontent/pages/1,1391973376,
f27cf8,::1,GET,http://localhost:8888/rv-bolt/async/lastmodified/pages/1,1391973383,b5ba2f
a6a5a6,::1,GET,http://localhost:8888/rv-bolt/async/showstack?items=5&options=full,1391973383,b5ba2f
b5ba2f,::1,GET,http://localhost:8888/rv-bolt/bolt/editcontent/pages/1,1391973383,
fbf696,::1,GET,http://localhost:8888/rv-bolt/async/lastmodified/pages/1,1391973410,4d312d
328b1c,::1,GET,http://localhost:8888/rv-bolt/async/showstack?items=5&options=full,1391973410,4d312d
4d312d,::1,GET,http://localhost:8888/rv-bolt/bolt/editcontent/pages/1,1391973410,
10acc2,::1,GET,http://localhost:8888/rv-bolt/async/lastmodified/pages/1,1391973436,4ad33b
5a4009,::1,GET,http://localhost:8888/rv-bolt/async/showstack?items=5&options=full,1391973436,4ad33b
4ad33b,::1,GET,http://localhost:8888/rv-bolt/bolt/editcontent/pages/1,1391973436,
cdf123,::1,GET,http://localhost:8888/rv-bolt/async/lastmodified/pages/1,1391973454,9a59bb
88a252,::1,GET,http://localhost:8888/rv-bolt/async/showstack?items=5&options=full,1391973454,9a59bb
9a59bb,::1,GET,http://localhost:8888/rv-bolt/bolt/editcontent/pages/1,1391973454,
de6e79,::1,GET,http://localhost:8888/rv-bolt/async/lastmodified/pages/1,1391973538,56c021
139704,::1,GET,http://localhost:8888/rv-bolt/async/showstack?items=5&options=full,1391973538,56c021
56c021,::1,GET,http://localhost:8888/rv-bolt/bolt/editcontent/pages/1,1391973538,
ef075a,::1,GET,http://localhost:8888/rv-bolt/async/lastmodified/pages/1,1391973585,845369
8281c2,::1,GET,http://localhost:8888/rv-bolt/async/showstack?items=5&options=full,1391973585,845369
845369,::1,GET,http://localhost:8888/rv-bolt/bolt/editcontent/pages/1,1391973585,
95570a,::1,GET,http://localhost:8888/rv-bolt/page/slug-10jj21?codekitCB=413666060.676190,1391973638,
5a1e9c,::1,GET,http://localhost:8888/rv-bolt/async/dashboardnews,1391973752,636a40
a78ec4,::1,GET,http://localhost:8888/rv-bolt/async/showstack?items=7&options=full,1391973752,636a40
acb523,::1,GET,http://localhost:8888/rv-bolt/async/latestactivity,1391973752,636a40
636a40,::1,GET,http://localhost:8888/rv-bolt/bolt/,1391973752,
c1c1a4,::1,GET,http://localhost:8888/rv-bolt/async/lastmodified/pages/1,1391973754,3073a0
db9605,::1,GET,http://localhost:8888/rv-bolt/async/showstack?items=5&options=full,1391973754,3073a0
3073a0,::1,GET,http://localhost:8888/rv-bolt/bolt/editcontent/pages/1,1391973754,
46aafd,::1,GET,http://localhost:8888/rv-bolt/page/slug-10jj21?codekitCB=413666060.676190,1391973763,
b6212e,::1,POST,http://localhost:8888/rv-bolt/bolt/editcontent/pages/1,1391973811,
089b3a,::1,GET,http://localhost:8888/rv-bolt/async/lastmodified/pages,1391973812,236536
599245,::1,GET,http://localhost:8888/rv-bolt/async/showstack?items=5&options=full,1391973812,236536
236536,::1,GET,http://localhost:8888/rv-bolt/bolt/overview/pages,1391973812,
ca7d5b,::1,GET,http://localhost:8888/rv-bolt/page/slug-10jj21?codekitCB=413666060.676190,1391973813,
ff4f34,::1,GET,http://localhost:8888/rv-bolt/page/slug-10jj21?codekitCB=413666060.676190,1391973964,
e27153,::1,GET,http://localhost:8888/rv-bolt/page/slug-10jj21?codekitCB=413666060.676190,1391974058,
58bce0,::1,GET,http://localhost:8888/rv-bolt/page/slug-10jj21?codekitCB=413666876.677978,1391974076,
c2d344,::1,GET,http://localhost:8888/rv-bolt/page/slug-10jj21?codekitCB=413666876.677978,1391974076,
520bc7,::1,GET,http://localhost:8888/rv-bolt/page/slug-10jj21?codekitCB=413666902.718682,1391974102,
7a07e7,::1,GET,http://localhost:8888/rv-bolt/page/slug-10jj21?codekitCB=413666902.718682,1391974103,
d16553,::1,GET,http://localhost:8888/rv-bolt/page/slug-10jj21?codekitCB=413666902.718682,1391974110,
c66f03,::1,GET,http://localhost:8888/rv-bolt/,1391974115,
175d08,::1,GET,http://localhost:8888/rv-bolt/,1391974122,
e4c3e9,::1,GET,http://localhost:8888/rv-bolt/?codekitCB=413666930.578333,1391974130,
0c4ceb,::1,GET,http://localhost:8888/rv-bolt/?codekitCB=413666930.578333,1391974130,
fb40d8,::1,GET,http://localhost:8888/rv-bolt/?codekitCB=413667025.442021,1391974225,
bb29b4,::1,GET,http://localhost:8888/rv-bolt/?codekitCB=413667025.442021,1391974225,
1f48af,::1,GET,http://localhost:8888/rv-bolt/?codekitCB=413667176.046086,1391974376,
4541b0,::1,GET,http://localhost:8888/rv-bolt/?codekitCB=413667176.046086,1391974376,
b31c4b,::1,GET,http://localhost:8888/rv-bolt/?codekitCB=413667199.912156,1391974400,
e59294,::1,GET,http://localhost:8888/rv-bolt/?codekitCB=413667199.912156,1391974400,
4f698a,::1,GET,http://localhost:8888/rv-bolt/?codekitCB=413667218.122941,1391974418,
b10366,::1,GET,http://localhost:8888/rv-bolt/?codekitCB=413667218.122941,1391974418,
ad0e67,::1,POST,http://localhost:8888/rv-bolt/bolt/editcontent/pages/1,1391974444,
867155,::1,GET,http://localhost:8888/rv-bolt/async/lastmodified/pages,1391974444,b6e6b7
9f1ce3,::1,GET,http://localhost:8888/rv-bolt/async/showstack?items=5&options=full,1391974444,b6e6b7
b6e6b7,::1,GET,http://localhost:8888/rv-bolt/bolt/overview/pages,1391974444,
48c595,::1,GET,http://localhost:8888/rv-bolt/?codekitCB=413667249.365976,1391974449,
422102,::1,GET,http://localhost:8888/rv-bolt/?codekitCB=413667249.365976,1391974449,
610f0e,::1,GET,http://localhost:8888/rv-bolt/?codekitCB=413667279.777133,1391974479,
e69699,::1,GET,http://localhost:8888/rv-bolt/?codekitCB=413667279.777133,1391974480,
129ad5,::1,GET,http://localhost:8888/rv-bolt/?codekitCB=413667279.777133,1391974490,
15e52f,::1,GET,http://localhost:8888/rv-bolt/?codekitCB=413667279.777133,1391974492,
b76332,::1,GET,http://localhost:8888/rv-bolt/?codekitCB=413667279.777133,1391974494,
4831d6,::1,GET,http://localhost:8888/rv-bolt/?codekitCB=413667279.777133,1391974495,
f0cbc3,::1,GET,http://localhost:8888/rv-bolt/?codekitCB=413667279.777133,1391974496,
8748be,::1,GET,http://localhost:8888/rv-bolt/?codekitCB=413667279.777133,1391974497,
5fbdda,::1,GET,http://localhost:8888/rv-bolt/?codekitCB=413667279.777133,1391974498,
f05a8f,::1,GET,http://localhost:8888/rv-bolt/?codekitCB=413667279.777133,1391974499,
2a8c0c,::1,GET,http://localhost:8888/rv-bolt/?codekitCB=413667279.777133,1391974500,
923e32,::1,GET,http://localhost:8888/rv-bolt/?codekitCB=413667279.777133,1391974565,
729d91,::1,GET,http://localhost:8888/rv-bolt/?codekitCB=413667411.773726,1391974611,
c5aca1,::1,GET,http://localhost:8888/rv-bolt/?codekitCB=413667411.773726,1391974612,
d505d4,::1,GET,http://localhost:8888/rv-bolt/?codekitCB=413667411.773726,1391974620,
be2536,::1,GET,http://localhost:8888/rv-bolt/?codekitCB=413667411.773726,1391974622,
cbd5f3,::1,GET,http://localhost:8888/rv-bolt/?codekitCB=413667411.773726,1391974623,
18df2e,::1,GET,http://localhost:8888/rv-bolt/?codekitCB=413667411.773726,1391974625,
39cf26,::1,GET,http://localhost:8888/rv-bolt/?codekitCB=413667411.773726,1391974626,
007389,::1,GET,http://localhost:8888/rv-bolt/?codekitCB=413667411.773726,1391974626,
4bb528,::1,GET,http://localhost:8888/rv-bolt/?codekitCB=413667411.773726,1391974626,
43d6a0,::1,GET,http://localhost:8888/rv-bolt/?codekitCB=413667411.773726,1391974628,
93e643,::1,GET,http://localhost:8888/rv-bolt/?codekitCB=413667411.773726,1391974628,
a99581,::1,GET,http://localhost:8888/rv-bolt/?codekitCB=413667411.773726,1391974628,
bd00d6,::1,GET,http://localhost:8888/rv-bolt/?codekitCB=413667411.773726,1391974628,
d58716,::1,GET,http://localhost:8888/rv-bolt/?codekitCB=413667411.773726,1391974629,
759cf1,::1,GET,http://localhost:8888/rv-bolt/?codekitCB=413667411.773726,1391974629,
2bb1ee,::1,GET,http://localhost:8888/rv-bolt/?codekitCB=413667411.773726,1391974629,
41ab80,::1,GET,http://localhost:8888/rv-bolt/?codekitCB=413667411.773726,1391974629,
efc985,::1,GET,http://localhost:8888/rv-bolt/?codekitCB=413667411.773726,1391974630,
1505ed,::1,GET,http://localhost:8888/rv-bolt/?codekitCB=413667411.773726,1391974630,
34a2a5,::1,GET,http://localhost:8888/rv-bolt/?codekitCB=413667411.773726,1391974630,
c0d971,::1,GET,http://localhost:8888/rv-bolt/?codekitCB=413667411.773726,1391974630,
7d18b7,::1,GET,http://localhost:8888/rv-bolt/?codekitCB=413667411.773726,1391974631,
fc5e31,::1,GET,http://localhost:8888/rv-bolt/?codekitCB=413667411.773726,1391974631,
bb7a87,::1,GET,http://localhost:8888/rv-bolt/?codekitCB=413667411.773726,1391974631,
e9f2fb,::1,GET,http://localhost:8888/rv-bolt/?codekitCB=413667411.773726,1391974631,
0e8395,::1,GET,http://localhost:8888/rv-bolt/?codekitCB=413667411.773726,1391974631,
bcc629,::1,GET,http://localhost:8888/rv-bolt/?codekitCB=413667411.773726,1391974632,
9e4984,::1,GET,http://localhost:8888/rv-bolt/?codekitCB=413667411.773726,1391974632,
bd37e7,::1,GET,http://localhost:8888/rv-bolt/?codekitCB=413667411.773726,1391974632,
5bf320,::1,GET,http://localhost:8888/rv-bolt/?codekitCB=413667411.773726,1391974632,
3890ed,::1,GET,http://localhost:8888/rv-bolt/?codekitCB=413667411.773726,1391974632,
4eaa86,::1,GET,http://localhost:8888/rv-bolt/?codekitCB=413667411.773726,1391974633,
662fdb,::1,GET,http://localhost:8888/rv-bolt/?codekitCB=413667411.773726,1391974633,
801a51,::1,GET,http://localhost:8888/rv-bolt/?codekitCB=413667411.773726,1391974633,
7a091a,::1,GET,http://localhost:8888/rv-bolt/?codekitCB=413667411.773726,1391974633,
12b2e5,::1,GET,http://localhost:8888/rv-bolt/?codekitCB=413667411.773726,1391974633,
e33d00,::1,GET,http://localhost:8888/rv-bolt/?codekitCB=413667411.773726,1391974634,
2fa8ae,::1,GET,http://localhost:8888/rv-bolt/?codekitCB=413667411.773726,1391974634,
bbf894,::1,GET,http://localhost:8888/rv-bolt/?codekitCB=413667411.773726,1391974634,
450f5c,::1,GET,http://localhost:8888/rv-bolt/?codekitCB=413667411.773726,1391974635,
c38878,::1,GET,http://localhost:8888/rv-bolt/?codekitCB=413667411.773726,1392057721,
266781,::1,GET,http://localhost:8888/rv-bolt/?codekitCB=413750712.342762,1392057912,
1555c8,::1,GET,http://localhost:8888/rv-bolt/?codekitCB=413750712.342762,1392057912,
47412c,::1,GET,http://localhost:8888/rv-bolt/?codekitCB=413750737.921127,1392057938,
da6e1b,::1,GET,http://localhost:8888/rv-bolt/?codekitCB=413750737.921127,1392057938,
1067d8,::1,GET,http://localhost:8888/rv-bolt/?codekitCB=413750737.921127,1392057946,
cd761c,::1,GET,http://localhost:8888/rv-bolt/?codekitCB=413751162.993021,1392058363,
4fb42b,::1,GET,http://localhost:8888/rv-bolt/?codekitCB=413751162.993021,1392058363,
4f5007,::1,GET,http://localhost:8888/rv-bolt/?codekitCB=413751162.993021,1392058389,
0de2c3,::1,GET,http://localhost:8888/rv-bolt/?codekitCB=413751162.993021,1392058392,
e610a5,::1,GET,http://localhost:8888/rv-bolt/?codekitCB=413751162.993021,1392058394,
5f4cd9,::1,GET,http://localhost:8888/rv-bolt/?codekitCB=413751162.993021,1392058395,
03ad86,::1,GET,http://localhost:8888/rv-bolt/?codekitCB=413751162.993021,1392058396,
be7fda,::1,GET,http://localhost:8888/rv-bolt/?codekitCB=413751162.993021,1392058397,
fae4ba,::1,GET,http://localhost:8888/rv-bolt/?codekitCB=413751162.993021,1392058398,
766c64,::1,GET,http://localhost:8888/rv-bolt/?codekitCB=413751162.993021,1392058399,
33bd25,::1,GET,http://localhost:8888/rv-bolt/?codekitCB=413751162.993021,1392058400,
81f64c,::1,GET,http://localhost:8888/rv-bolt/?codekitCB=413751162.993021,1392058401,
5bd424,::1,GET,http://localhost:8888/rv-bolt/?codekitCB=413751162.993021,1392058405,
3e2436,::1,GET,http://localhost:8888/rv-bolt/?codekitCB=413751162.993021,1392058406,
14aa14,::1,GET,http://localhost:8888/rv-bolt/?codekitCB=413751162.993021,1392058408,
5b9ddf,::1,GET,http://localhost:8888/rv-bolt/?codekitCB=413751162.993021,1392058410,
126246,::1,GET,http://localhost:8888/rv-bolt/?codekitCB=413751162.993021,1392058411,
0a98c9,::1,GET,http://localhost:8888/rv-bolt/?codekitCB=413751162.993021,1392058412,
197b60,::1,GET,http://localhost:8888/rv-bolt/?codekitCB=413751162.993021,1392058413,
257fe8,::1,GET,http://localhost:8888/rv-bolt/?codekitCB=413751162.993021,1392058414,
9b2825,::1,GET,http://localhost:8888/rv-bolt/?codekitCB=413751162.993021,1392058414,
023f7d,::1,GET,http://localhost:8888/rv-bolt/?codekitCB=413751162.993021,1392058415,
67f0dc,::1,GET,http://localhost:8888/rv-bolt/?codekitCB=413751162.993021,1392058416,
600cf2,::1,GET,http://localhost:8888/rv-bolt/?codekitCB=413751162.993021,1392058416,
f8bc30,::1,GET,http://localhost:8888/rv-bolt/?codekitCB=413751162.993021,1392058416,
aac85e,::1,GET,http://localhost:8888/rv-bolt/?codekitCB=413751251.591682,1392058451,
403026,::1,GET,http://localhost:8888/rv-bolt/?codekitCB=413751251.591682,1392058451,
acbf34,::1,GET,http://localhost:8888/rv-bolt/?codekitCB=413751273.550771,1392058473,
6e7a5d,::1,GET,http://localhost:8888/rv-bolt/?codekitCB=413751273.550771,1392058473,
4b348d,::1,GET,http://localhost:8888/rv-bolt/?codekitCB=413751282.908269,1392058483,
06b44e,::1,GET,http://localhost:8888/rv-bolt/?codekitCB=413751282.908269,1392058483,
b6e1b4,::1,GET,http://localhost:8888/rv-bolt/?codekitCB=413751285.569937,1392058485,
4477d6,::1,GET,http://localhost:8888/rv-bolt/?codekitCB=413751285.569937,1392058485,
f67bd7,::1,GET,http://localhost:8888/rv-bolt/?codekitCB=413751285.569937,1392058487,
a69d60,::1,GET,http://localhost:8888/rv-bolt/,1392058491,
a44d96,::1,GET,http://localhost:8888/rv-bolt/,1392058493,
eefd37,::1,GET,http://localhost:8888/rv-bolt/,1392058494,
370daf,::1,GET,http://localhost:8888/rv-bolt/,1392058495,
14d2cb,::1,GET,http://localhost:8888/rv-bolt/,1392058495,
2e1900,::1,GET,http://localhost:8888/rv-bolt/,1392058495,
86d9cb,::1,GET,http://localhost:8888/rv-bolt/,1392058495,
22faeb,::1,GET,http://localhost:8888/rv-bolt/,1392058497,
499ab3,::1,GET,http://localhost:8888/rv-bolt/,1392058497,
add070,::1,GET,http://localhost:8888/rv-bolt/,1392058497,
381d8e,::1,GET,http://localhost:8888/rv-bolt/,1392058498,
312308,::1,GET,http://localhost:8888/rv-bolt/,1392058498,
780271,::1,GET,http://localhost:8888/rv-bolt/,1392058498,
8e1b1c,::1,GET,http://localhost:8888/rv-bolt/,1392058498,
c42179,::1,GET,http://localhost:8888/rv-bolt/,1392058498,
48aa31,::1,GET,http://localhost:8888/rv-bolt/,1392058499,
33534c,::1,GET,http://localhost:8888/rv-bolt/,1392058499,
0cf7d7,::1,GET,http://localhost:8888/rv-bolt/,1392058499,
289886,::1,GET,http://localhost:8888/rv-bolt/,1392058499,
80be7d,::1,GET,http://localhost:8888/rv-bolt/,1392058499,
350207,::1,GET,http://localhost:8888/rv-bolt/,1392058500,
b7f928,::1,GET,http://localhost:8888/rv-bolt/,1392058500,
59f49b,::1,GET,http://localhost:8888/rv-bolt/,1392058500,
c41944,::1,GET,http://localhost:8888/rv-bolt/,1392058500,
019e2b,::1,GET,http://localhost:8888/rv-bolt/,1392058500,
7c70e6,::1,GET,http://localhost:8888/rv-bolt/,1392058501,
e0c533,::1,GET,http://localhost:8888/rv-bolt/,1392058502,
4504bc,::1,GET,http://localhost:8888/rv-bolt/,1392058502,
d9f673,::1,GET,http://localhost:8888/rv-bolt/,1392058502,
3437ee,::1,GET,http://localhost:8888/rv-bolt/,1392058503,
a7c03a,::1,GET,http://localhost:8888/rv-bolt/,1392058503,
54577f,::1,GET,http://localhost:8888/rv-bolt/,1392058503,
d98efc,::1,GET,http://localhost:8888/rv-bolt/,1392058503,
3775ef,::1,GET,http://localhost:8888/rv-bolt/,1392058504,
7aa3db,::1,GET,http://localhost:8888/rv-bolt/,1392058504,
275e70,::1,GET,http://localhost:8888/rv-bolt/,1392058504,
04411d,::1,GET,http://localhost:8888/rv-bolt/,1392058511,
18c211,::1,GET,http://localhost:8888/rv-bolt/,1392058513,
d97e58,::1,GET,http://localhost:8888/rv-bolt/?codekitCB=413751336.139629,1392058536,
b16201,::1,GET,http://localhost:8888/rv-bolt/?codekitCB=413751336.139629,1392058536,
018120,::1,GET,http://localhost:8888/rv-bolt/?codekitCB=413751336.139629,1392058944,
53c6a9,::1,GET,http://localhost:8888/rv-bolt/?codekitCB=413751336.139629,1392059057,
cf046b,::1,GET,http://localhost:8888/rv-bolt/?codekitCB=413751336.139629,1392059283,
8b6807,::1,GET,http://localhost:8888/rv-bolt/?codekitCB=413751336.139629,1392059309,
a2d1b7,::1,GET,http://localhost:8888/rv-bolt/?codekitCB=413752124.149598,1392059324,
171636,::1,GET,http://localhost:8888/rv-bolt/?codekitCB=413752124.149598,1392059324,
abf7b3,::1,GET,http://localhost:8888/rv-bolt/?codekitCB=413752124.149598,1392059329,
cf7d3d,::1,GET,http://localhost:8888/rv-bolt/?codekitCB=413752124.149598,1392059384,
211730,::1,GET,http://localhost:8888/rv-bolt/?codekitCB=413752227.327888,1392059427,
e2b8e5,::1,GET,http://localhost:8888/rv-bolt/?codekitCB=413752227.327888,1392059427,
396f24,::1,GET,http://localhost:8888/rv-bolt/?codekitCB=413752288.803438,1392059488,
99da87,::1,GET,http://localhost:8888/rv-bolt/?codekitCB=413752288.803438,1392059489,
5b1ff4,::1,GET,http://localhost:8888/rv-bolt/?codekitCB=413752349.089981,1392059549,
9877c4,::1,GET,http://localhost:8888/rv-bolt/?codekitCB=413752349.089981,1392059549,
45f9bf,::1,GET,http://localhost:8888/rv-bolt/?codekitCB=413752356.174804,1392059556,
16b36b,::1,GET,http://localhost:8888/rv-bolt/?codekitCB=413752356.174804,1392059556,
ed3121,::1,GET,http://localhost:8888/rv-bolt/?codekitCB=413752412.684680,1392059612,
64bd4c,::1,GET,http://localhost:8888/rv-bolt/?codekitCB=413752412.684680,1392059612,
17d3b0,::1,GET,http://localhost:8888/rv-bolt/?codekitCB=413752481.229538,1392059681,
df8b3f,::1,GET,http://localhost:8888/rv-bolt/?codekitCB=413752481.229538,1392059681,
bd0e90,::1,GET,http://localhost:8888/rv-bolt/?codekitCB=413752481.229538,1392059690,
e3e36d,::1,GET,http://localhost:8888/rv-bolt/?codekitCB=413752481.229538,1392059692,
7d56fe,::1,GET,http://localhost:8888/rv-bolt/?codekitCB=413752512.572783,1392059712,
119ba7,::1,GET,http://localhost:8888/rv-bolt/?codekitCB=413752512.572783,1392059712,
e82c8c,::1,GET,http://localhost:8888/rv-bolt/?codekitCB=413752512.572783,1392059772,
802c1d,::1,GET,http://localhost:8888/rv-bolt/,1392233137,
d9c950,::1,GET,http://localhost:8888/rv-bolt/async/dashboardnews,1399712202,db52f9
addbf9,::1,GET,http://localhost:8888/rv-bolt/async/showstack?items=7&options=full,1399712202,db52f9
dbbecb,::1,GET,http://localhost:8888/rv-bolt/async/latestactivity,1399712202,db52f9
db52f9,::1,GET,http://localhost:8888/rv-bolt/bolt/,1399712202,
e1ce37,::1,GET,http://localhost:8888/rv-bolt/async/lastmodified/pages/1,1399712207,ae6990
32724d,::1,GET,http://localhost:8888/rv-bolt/async/showstack?items=5&options=full,1399712207,ae6990
ae6990,::1,GET,http://localhost:8888/rv-bolt/bolt/editcontent/pages/1,1399712207,
